Experiment,Total Samples,Valid Predictions,Accuracy,Macro-F1,Weighted-F1,Macro-Precision,Macro-Recall,MCC,Positive_Precision,Positive_Recall,Positive_F1,Negative_Precision,Negative_Recall,Negative_F1,Neutral_Precision,Neutral_Recall,Neutral_F1
I4: Llama3.1:8b (Few-Shot),200,200,0.945,0.445864898989899,0.958700284090909,0.4409171075837743,0.452991452991453,0.3190439405466938,0.9894179894179894,0.958974358974359,0.9739583333333334,0.0,0.0,0.0,0.3333333333333333,0.4,0.36363636363636365
I5: Qwen3:8b (Few-Shot),200,200,0.995,0.9532601075017527,0.9952208459920542,0.9166666666666667,0.9974358974358974,0.910527225875113,1.0,0.9948717948717949,0.9974293059125964,0.0,0.0,0.0,0.8333333333333334,1.0,0.9090909090909091
I6: DeepSeek-R1:8b (Few-Shot),200,200,0.96,0.5224309619135612,0.9692870341854019,0.47222222222222227,0.652991452991453,0.6074453824245115,1.0,0.958974358974359,0.9790575916230366,0.0,0.0,0.0,0.4166666666666667,1.0,0.5882352941176471
