Experiment,Total Samples,Valid Predictions,Accuracy,Macro-F1,Weighted-F1,Macro-Precision,Macro-Recall,MCC,Positive_Precision,Positive_Recall,Positive_F1,Negative_Precision,Negative_Recall,Negative_F1,Neutral_Precision,Neutral_Recall,Neutral_F1
I7: Llama3.1:8b (COT),200,200,0.975,0.3316326530612245,0.9700255102040817,0.3299492385786802,0.3333333333333333,0.38532733793543134,0.9898477157360406,1.0,0.9948979591836735,0.0,0.0,0.0,0.0,0.0,0.0
I8: Qwen3:8b (COT),200,200,0.985,0.8807394156231365,0.9866726296958855,0.8125,0.9923076923076923,0.7844645405527362,1.0,0.9846153846153847,0.9922480620155039,0.0,0.0,0.0,0.625,1.0,0.7692307692307693
I9: DeepSeek-R1:8b (COT),200,200,0.975,0.5854145854145855,0.9815684315684315,0.5416666666666666,0.6581196581196581,0.6987202200697872,1.0,0.9743589743589743,0.987012987012987,0.0,0.0,0.0,0.625,1.0,0.7692307692307693
