Experiment,Total Samples,Valid Predictions,Accuracy,Macro-F1,Weighted-F1,Macro-Precision,Macro-Recall,MCC,Positive_Precision,Positive_Recall,Positive_F1,Negative_Precision,Negative_Recall,Negative_F1,Neutral_Precision,Neutral_Recall,Neutral_F1
R1: llama3.1:8b (Zero-Shot),200,200,0.96,0.4401378122308355,0.9707364341085271,0.6649305555555555,0.39316239316239315,0.3893033178646573,0.9947916666666666,0.9794871794871794,0.9870801033591732,0.0,0.0,0.0,1.0,0.2,0.3333333333333333
R2: qwen3:8b (Zero-Shot),200,200,0.995,0.9431656720659278,0.9947286160841148,0.9974489795918368,0.9,0.8921425711997711,0.9948979591836735,1.0,0.9974424552429667,0.0,0.0,0.0,1.0,0.8,0.8888888888888888
R3: deepseek-r1:8b (Zero-Shot),200,200,0.985,0.5974293059125965,0.9874807197943446,0.5982817869415807,0.5965811965811966,0.7235839492813283,0.9948453608247423,0.9897435897435898,0.9922879177377892,0.0,0.0,0.0,0.8,0.8,0.8
