Experiment,Total Samples,Valid Predictions,Accuracy,Macro-F1,Weighted-F1,Macro-Precision,Macro-Recall,MCC,Positive_Precision,Positive_Recall,Positive_F1,Negative_Precision,Negative_Recall,Negative_F1,Neutral_Precision,Neutral_Recall,Neutral_F1
I10: Llama3.1:8b (ToT),200,200,0.63,0.30429386944651277,0.7503536857781087,0.35978835978835977,0.5401709401709401,0.20094701212947033,1.0,0.6205128205128205,0.7658227848101266,0.0,0.0,0.0,0.07936507936507936,1.0,0.14705882352941177
I11: Qwen3:8b (ToT),198,198,0.29292929292929293,0.166002800967607,0.42170793987785316,0.34490740740740744,0.42487046632124353,0.09732109420210497,1.0,0.27461139896373055,0.43089430894308944,0.0,0.0,0.0,0.034722222222222224,1.0,0.06711409395973154
I12: DeepSeek-R1:8b (ToT),200,200,0.095,0.062293781592027204,0.1319447608921293,0.3423913043478261,0.3572649572649573,0.0440589915982695,1.0,0.07179487179487179,0.1339712918660287,0.0,0.0,0.0,0.02717391304347826,1.0,0.05291005291005291
