Experiment,Total Samples,Valid Predictions,Accuracy,Macro-F1,Weighted-F1,Macro-Precision,Macro-Recall,MCC,Positive_Precision,Positive_Recall,Positive_F1,Negative_Precision,Negative_Recall,Negative_F1,Neutral_Precision,Neutral_Recall,Neutral_F1
E10: Llama3.1:8b (ToT),210,210,0.7428571428571429,0.7083418373740954,0.7083418373740955,0.8250575462431863,0.7428571428571429,0.6678382137267658,0.5775862068965517,0.9571428571428572,0.7204301075268817,0.9452054794520548,0.9857142857142858,0.965034965034965,0.9523809523809523,0.2857142857142857,0.43956043956043955
E11: Qwen3:8b (ToT),210,210,0.9333333333333333,0.93347645334969,0.9334764533496899,0.9359649122807018,0.9333333333333332,0.9011040691127313,0.9078947368421053,0.9857142857142858,0.9452054794520548,1.0,0.9142857142857143,0.9552238805970149,0.9,0.9,0.9
E12: DeepSeek-R1:8b (ToT),209,209,0.9234449760765551,0.9240831494943812,0.9238606371221336,0.9257048092868988,0.9236024844720497,0.8857351356311114,0.9253731343283582,0.8857142857142857,0.9051094890510949,0.9850746268656716,0.9565217391304348,0.9705882352941176,0.8666666666666667,0.9285714285714286,0.896551724137931
