Experiment,Total Samples,Valid Predictions,Accuracy,Macro-F1,Weighted-F1,Macro-Precision,Macro-Recall,MCC,Positive_Precision,Positive_Recall,Positive_F1,Negative_Precision,Negative_Recall,Negative_F1,Neutral_Precision,Neutral_Recall,Neutral_F1
R4: Llama3.1:8b (Few-Shot),200,200,0.925,0.46835812190142895,0.9477252843394575,0.4946236559139785,0.4461538461538462,0.22110334849850302,0.9838709677419355,0.9384615384615385,0.9606299212598425,0.0,0.0,0.0,0.5,0.4,0.4444444444444444
R5: Qwen3:8b (Few-Shot),200,200,0.99,0.8974358974358975,0.99,0.8974358974358975,0.8974358974358975,0.7948717948717948,0.9948717948717949,0.9948717948717949,0.9948717948717949,0.0,0.0,0.0,0.8,0.8,0.8
R6: DeepSeek-R1:8b (Few-Shot),200,200,0.96,0.4939077458659704,0.9696801566579635,0.4545454545454546,0.588034188034188,0.5666851624470428,1.0,0.9641025641025641,0.9817232375979112,0.0,0.0,0.0,0.36363636363636365,0.8,0.5
