Experiment,Total Samples,Valid Predictions,Accuracy,Macro-F1,Weighted-F1,Macro-Precision,Macro-Recall,Positive_Precision,Positive_Recall,Positive_F1,Negative_Precision,Negative_Recall,Negative_F1,Neutral_Precision,Neutral_Recall,Neutral_F1
E1: GPT OSS 20B,100,100,0.99,0.6296296296296297,0.9944444444444445,0.6666666666666666,0.6,1.0,1.0,1.0,0.0,0.0,0.0,1.0,0.8,0.8888888888888888
E2: GPT OSS 120B,100,100,0.99,0.6296296296296297,0.9944444444444445,0.6666666666666666,0.6,1.0,1.0,1.0,0.0,0.0,0.0,1.0,0.8,0.8888888888888888
E3: Llama-3.3-70B,100,100,0.98,0.8947368421052632,0.98,0.8947368421052632,0.8947368421052632,0.9894736842105263,0.9894736842105263,0.9894736842105263,0.0,0.0,0.0,0.8,0.8,0.8
