Experiment,Total Samples,Valid Predictions,Accuracy,Macro-F1,Weighted-F1,Macro-Precision,Macro-Recall,MCC,Positive_Precision,Positive_Recall,Positive_F1,Negative_Precision,Negative_Recall,Negative_F1,Neutral_Precision,Neutral_Recall,Neutral_F1
I1: Llama3.1:8b,200,200,0.98,0.6615905245346869,0.9734348561759728,0.9899497487437185,0.6,0.44269617063793026,0.9798994974874372,1.0,0.9898477157360406,0.0,0.0,0.0,1.0,0.2,0.3333333333333333
I2: Qwen3:8b,199,199,0.9798994974874372,0.8519345238095238,0.982666307729122,0.7777777777777778,0.9896907216494846,0.7376318877548343,1.0,0.979381443298969,0.9895833333333334,0.0,0.0,0.0,0.5555555555555556,1.0,0.7142857142857143
I3: DeepSeek-R1:8b,200,200,0.955,0.49216710182767626,0.964588772845953,0.4527724049000645,0.5863247863247864,0.4994228286254354,0.9946808510638298,0.958974358974359,0.9765013054830287,0.0,0.0,0.0,0.36363636363636365,0.8,0.5
