Experiment,Total Samples,Valid Predictions,Accuracy,Macro-F1,Weighted-F1,Macro-Precision,Macro-Recall,MCC,Positive_Precision,Positive_Recall,Positive_F1,Negative_Precision,Negative_Recall,Negative_F1,Neutral_Precision,Neutral_Recall,Neutral_F1
R4: Llama3.1:8b (Few-Shot),210,210,0.8285714285714286,0.8230296053887152,0.8230296053887152,0.8574754638584426,0.8285714285714286,0.7592521978520375,0.8611111111111112,0.8857142857142857,0.8732394366197183,0.7340425531914894,0.9857142857142858,0.8414634146341463,0.9772727272727273,0.6142857142857143,0.7543859649122807
R5: Qwen3:8b (Few-Shot),210,210,0.9285714285714286,0.9291940390071828,0.9291940390071829,0.9324074074074075,0.9285714285714287,0.8940439071309886,0.9305555555555556,0.9571428571428572,0.9436619718309859,1.0,0.9,0.9473684210526315,0.8666666666666667,0.9285714285714286,0.896551724137931
R6: DeepSeek-R1:8b (Few-Shot),210,210,0.9238095238095239,0.9239130434782609,0.9239130434782609,0.9247482776894541,0.9238095238095237,0.8860760232362956,0.8918918918918919,0.9428571428571428,0.9166666666666666,0.9852941176470589,0.9571428571428572,0.9710144927536232,0.8970588235294118,0.8714285714285714,0.8840579710144928
