Experiment,Total Samples,Valid Predictions,Accuracy,Macro-F1,Weighted-F1,Macro-Precision,Macro-Recall,Positive_Precision,Positive_Recall,Positive_F1,Negative_Precision,Negative_Recall,Negative_F1,Neutral_Precision,Neutral_Recall,Neutral_F1
E7: Updated GPT OSS 20B (CoT),100,100,0.98,0.5815881326352531,0.9825261780104713,0.6631944444444445,0.5333333333333333,0.9895833333333334,1.0,0.9947643979057592,0.0,0.0,0.0,1.0,0.6,0.75
E8: Updated GPT OSS 120B (CoT),100,100,0.98,0.5982363315696649,0.984973544973545,0.6,0.5964912280701754,1.0,0.9894736842105263,0.9947089947089947,0.0,0.0,0.0,0.8,0.8,0.8
E9: Updated Llama-3.3-70B (CoT),100,100,0.0,0.0,0.0,0.0,0.0,0.0,0.0,0.0,0.0,0.0,0.0,0.0,0.0,0.0
