Experiment,Total Samples,Valid Predictions,Accuracy,Macro-F1,Weighted-F1,Macro-Precision,Macro-Recall,MCC,Positive_Precision,Positive_Recall,Positive_F1,Negative_Precision,Negative_Recall,Negative_F1,Neutral_Precision,Neutral_Recall,Neutral_F1
E7: Llama3.1:8b (CoT),200,200,0.99,0.8724489795918368,0.9887755102040816,0.9949238578680203,0.8,0.7706546758708627,0.9898477157360406,1.0,0.9948979591836735,0.0,0.0,0.0,1.0,0.6,0.75
E8: Qwen3:8b (CoT),200,200,1.0,1.0,1.0,1.0,1.0,1.0,1.0,1.0,1.0,0.0,0.0,0.0,1.0,1.0,1.0
E9: DeepSeek-R1:8b (CoT),200,200,0.99,0.9140893470790379,0.990807560137457,0.8571428571428572,0.9948717948717949,0.840808959847424,1.0,0.9897435897435898,0.9948453608247423,0.0,0.0,0.0,0.7142857142857143,1.0,0.8333333333333334
