Experiment,Total Samples,Valid Predictions,Accuracy,Macro-F1,Weighted-F1,Macro-Precision,Macro-Recall,Positive_Precision,Positive_Recall,Positive_F1,Negative_Precision,Negative_Recall,Negative_F1,Neutral_Precision,Neutral_Recall,Neutral_F1
E4: GPT OSS 20B,100,100,0.98,0.5982363315696649,0.984973544973545,0.6,0.5964912280701754,1.0,0.9894736842105263,0.9947089947089947,0.0,0.0,0.0,0.8,0.8,0.8
E5: GPT OSS 120B,100,100,1.0,1.0,1.0,1.0,1.0,1.0,1.0,1.0,0.0,0.0,0.0,1.0,1.0,1.0
E6: Llama-3.3-70B,100,100,0.99,0.941826643397324,0.9894706224549157,0.9947916666666667,0.9,0.9895833333333334,1.0,0.9947643979057592,0.0,0.0,0.0,1.0,0.8,0.8888888888888888
