Experiment,Total Samples,Valid Predictions,Accuracy,Macro-F1,Weighted-F1,Macro-Precision,Macro-Recall,Positive_Precision,Positive_Recall,Positive_F1,Negative_Precision,Negative_Recall,Negative_F1,Neutral_Precision,Neutral_Recall,Neutral_F1
E4: Llama-3.1:8b (Few-Shot),200,200,0.98,0.6329094049301304,0.9876236457842674,0.6111111111111112,0.6598290598290598,1.0,0.9794871794871794,0.9896373056994818,0.0,0.0,0.0,0.8333333333333334,1.0,0.9090909090909091
E5: Qwen3:8b (Few-Shot),200,200,0.99,0.9140893470790379,0.990807560137457,0.8571428571428572,0.9948717948717949,1.0,0.9897435897435898,0.9948453608247423,0.0,0.0,0.0,0.7142857142857143,1.0,0.8333333333333334
E6: Deepseek-r1:8b (Few-Shot),200,200,0.99,0.9140893470790379,0.990807560137457,0.8571428571428572,0.9948717948717949,1.0,0.9897435897435898,0.9948453608247423,0.0,0.0,0.0,0.7142857142857143,1.0,0.8333333333333334
