Experiment,Total Samples,Valid Predictions,Accuracy,Macro-F1,Weighted-F1,Macro-Precision,Macro-Recall,MCC,Positive_Precision,Positive_Recall,Positive_F1,Negative_Precision,Negative_Recall,Negative_F1,Neutral_Precision,Neutral_Recall,Neutral_F1
E10: Llama3.1:8b (ToT),200,200,0.98,0.6615905245346869,0.9734348561759728,0.9899497487437185,0.6,0.44269617063793026,0.9798994974874372,1.0,0.9898477157360406,0.0,0.0,0.0,1.0,0.2,0.3333333333333333
E11: Qwen3:8b (ToT),199,199,0.9949748743718593,0.9431590974007427,0.9947021597562219,0.9974358974358974,0.9,0.8921308401223645,0.9948717948717949,1.0,0.9974293059125964,0.0,0.0,0.0,1.0,0.8,0.8888888888888888
E12: DeepSeek-R1:8b (ToT),200,200,0.92,0.6453900709219859,0.9418439716312057,0.6025007269555103,0.8615384615384616,0.38500885771664584,0.994475138121547,0.9230769230769231,0.9574468085106383,0.0,0.0,0.0,0.21052631578947367,0.8,0.3333333333333333
