Experiment,Accuracy,Macro-F1,Macro-Precision,Macro-Recall
E10a: GPT-OSS-20B (ToT),0.9591836734693877,0.6286116983791402,0.6111111111111112,0.6515151515151515
E11: GPT-OSS-120B (ToT),0.9032258064516129,0.736211786952411,0.6785714285714286,0.9488636363636364
E12: Llama-3.3-70B (ToT),0.9333333333333333,0.7676419965576592,0.9651162790697674,0.7
